1,597,892,2,0,0,0,0,verona_card,0,-,,,CorWD1_Back_Sketch
2,492,829,6,0,0,0,0,verona_card,0,-,,,CorWD1_Drawer1_Base_Sketch
3,1297,892,2,0,0,0,0,verona_card,0,-,,,CorWD2_Back_Sketch
4,527,892,2,0,0,0,0,verona_card,0,-,,,CorWD3_Back_Sketch
5,1575,697,1,0,0,0,0,verona_card,0,-,,,CorBoots_Back_Sketch
6,597,987,1,0,0,0,0,madeiraMaterial_card,0,-,,,SRWD1_Back_Sketch
7,582,924,3,0,0,0,0,madeiraMaterial_card,0,-,,,SRWD1_Drawer1_Base_Sketch
8,1297,987,1,0,0,0,0,madeiraMaterial_card,0,-,,,SRWD2_Back_Sketch
9,527,987,1,0,0,0,0,madeiraMaterial_card,0,-,,,SRWD3_Back_Sketch
10,438,397,2,0,0,0,0,madeiraMaterial_card,0,-,,,SRCab1_Back_Sketch
11,438,757,2,0,0,0,0,madeiraMaterial_card,0,-,,,SRCab2_Back_Sketch
12,302,694,4,0,0,0,0,madeiraMaterial_card,0,-,,,SRCab2_Drawer1_Base_Sketch
13,729,527,1,0,0,0,0,madeiraMaterial_card,0,-,,,SRDeskLeft_Back_Sketch
14,442,442,7,0,0,0,0,madeiraMaterial_card,0,-,,,SRDeskUp1_Back_Sketch
