1,250,120,1,0,0,0,0,WallnutTropic_card,0,-,,,Cab0Up_Back_Sketch
2,694,297,1,0,0,0,0,WallnutTropic_card,0,-,,,BottlesUp_Back_Sketch
3,907,597,1,0,0,0,0,WallnutTropic_card,0,-,,,OvenUp_Back_Sketch
4,947,1157,1,0,0,0,0,WallnutTropic_card,0,-,,,Cab1Up_Back_Sketch
5,947,597,1,0,0,0,0,WallnutTropic_card,0,-,,,Cab3Up_Back_Sketch
6,757,297,1,0,0,0,0,WallnutTropic_card,0,-,,,Bottles_Back_Sketch
7,757,597,2,0,0,0,0,WallnutTropic_card,0,-,,,Oven_Back_Sketch
8,757,1197,1,0,0,0,0,WallnutTropic_card,0,-,,,Cab1_Back_Sketch
9,757,439,1,0,0,0,0,WallnutTropic_card,0,-,,,Cab2_Back_Sketch
10,757,1087,1,0,0,0,0,WallnutTropic_card,0,-,,,Cab3_Back_Sketch
11,537,534,4,0,0,0,0,WallnutTropic_card,0,-,,,Cab4_Drawer1_Base_Sketch
12,2097,497,2,0,0,0,0,WallnutTropic_card,0,-,,,LivCab1_Back_Sketch
13,1697,497,2,0,0,0,0,WallnutTropic_card,0,-,,,LivCab2_Back_Sketch
14,797,497,3,0,0,0,0,WallnutTropic_card,0,-,,,LivCab3_Back_Sketch
15,422,434,10,0,0,0,0,WallnutTropic_card,0,-,,,LivCab3_Drawer1_Base_Sketch
16,397,497,5,0,0,0,0,WallnutTropic_card,0,-,,,LivCab2_Up_Back_Sketch
17,297,767,1,0,0,0,0,WallnutTropic_card,0,-,,,LivCab9_Back_Sketch
